CREATE TABLE department (
    dept_name TEXT PRIMARY KEY,
    building TEXT,
    budget INTEGER
);

INSERT INTO department (dept_name, building, budget) VALUES
('Biology', 'Watson', '90000'),
('Comp. Sci.', 'Taylor', '100000'),
('Elec. Eng.', 'Taylor', '85000'),
('Finance', 'Painter', '120000'),
('History', 'Painter', '50000'),
('Music', 'Packard', '80000'),
('Physics', 'Watson', '70000');

CREATE TABLE course (
    course_id TEXT PRIMARY KEY,
    title TEXT,
    dept_name TEXT,
    credits INTEGER,
    FOREIGN KEY (dept_name) REFERENCES department (dept_name)
);

INSERT INTO course (course_id, title, dept_name, credits) VALUES
('BIO-101', 'Intro. to Biology', 'Biology', '4'),
('BIO-301', 'Genetics', 'Biology', '4'),
('BIO-399', 'Computational Biology', 'Biology', '3'),
('CS-101', 'Intro. to Computer Science', 'Comp. Sci.', '4'),
('CS-190', 'Game Design', 'Comp. Sci.', '4'),
('CS-315', 'Robotics', 'Comp. Sci.', '3'),
('CS-319', 'Image Processing', 'Comp. Sci.', '3'),
('CS-347', 'Database System Concepts', 'Comp. Sci.', '3'),
('EE-181', 'Intro. to Digital Systems', 'Elec. Eng.', '3'),
('FIN-201', 'Investment Banking', 'Finance', '3'),
('HIS-351', 'World History', 'History', '3'),
('MU-199', 'Music Video Production', 'Music', '3'),
('PHY-101', 'Physical Principles', 'Physics', '4');

CREATE TABLE Building_coord_id (
    ship_name TEXT,
    building_coord TEXT,
    building_id TEXT,
    PRIMARY KEY (ship_name, building_coord)
);

INSERT INTO Building_coord_id (ship_name, building_coord, building_id) VALUES
('SITCON', '(1, 1)', '2985'),
('SITCON', '(1, 5)', '5410'),
('SITCON', '(2, 3)', '3684'),
('SITCON', '(3, 1)', '2043'),
('SITCON', '(4, 6)', '3542'),
('SITCON', '(4, 4)', '8703'),
('SITCON', '(6, 6)', '7552'),
('SITCON', '(6, 4)', '6030'),
('SITCON', '(6, 1)', '1024'),
('MozTW', '(1, 11)', '4672'),
('MozTW', '(8, 19)', '6134'),
('COSCUP', '(15, 2)', '6775'),
('OSDC', '(10, 8)', '8064'),
('OSDC', '(6, 14)', '1295'),
('COSCUP', '(7, 0)', '4170'),
('MOPCON', '(10, 10)', '9050'),
('MOPCON', '(1, 13)', '8155'),
('g0v', '(9, 13)', '8463'),
('OSDC', '(0, 16)', '8572'),
('OSDC', '(7, 2)', '6065'),
('MOPCON', '(17, 17)', '3094'),
('g0v', '(6, 11)', '3497'),
('MozTW', '(17, 16)', '7511'),
('COSCUP', '(7, 10)', '5290'),
('MozTW', '(15, 10)', '6475'),
('MozTW', '(11, 10)', '2083'),
('COSCUP', '(11, 0)', '1710'),
('MOPCON', '(7, 1)', '1589'),
('MOPCON', '(20, 7)', '9168'),
('OSDC', '(15, 12)', '3310'),
('MozTW', '(15, 0)', '1163'),
('COSCUP', '(17, 11)', '5292'),
('COSCUP', '(11, 11)', '9520'),
('MOPCON', '(5, 8)', '5008'),
('OSDC', '(1, 8)', '5195'),
('OSDC', '(13, 20)', '3377'),
('MozTW', '(13, 14)', '4325'),
('OSDC', '(4, 7)', '7485'),
('COSCUP', '(19, 4)', '6300'),
('OSDC', '(0, 4)', '9798'),
('g0v', '(14, 11)', '9982'),
('g0v', '(17, 12)', '9885'),
('MOPCON', '(7, 10)', '7290'),
('MozTW', '(7, 3)', '8389'),
('COSCUP', '(20, 15)', '9398'),
('COSCUP', '(5, 2)', '5241'),
('COSCUP', '(19, 3)', '2319'),
('MOPCON', '(2, 5)', '4485'),
('OSDC', '(19, 20)', '1213'),
('MozTW', '(7, 5)', '7642'),
('MOPCON', '(20, 17)', '1152'),
('MozTW', '(4, 0)', '8124'),
('COSCUP', '(0, 19)', '6336'),
('g0v', '(16, 13)', '2943'),
('MozTW', '(5, 17)', '4285'),
('MOPCON', '(19, 16)', '8180'),
('COSCUP', '(1, 0)', '2033'),
('MOPCON', '(19, 11)', '3249'),
('MozTW', '(18, 0)', '6625'),
('MOPCON', '(0, 10)', '7164'),
('OSDC', '(10, 19)', '2403'),
('MOPCON', '(12, 8)', '4802'),
('MOPCON', '(16, 19)', '2091'),
('MOPCON', '(10, 1)', '7416'),
('OSDC', '(11, 3)', '1058'),
('g0v', '(4, 19)', '5200'),
('OSDC', '(19, 6)', '4383'),
('MozTW', '(15, 15)', '6321'),
('OSDC', '(0, 6)', '6016'),
('COSCUP', '(3, 18)', '6882'),
('MozTW', '(1, 4)', '7762'),
('MozTW', '(2, 14)', '9877'),
('g0v', '(4, 15)', '3895'),
('g0v', '(7, 4)', '5318'),
('MOPCON', '(9, 0)', '9965'),
('MOPCON', '(3, 0)', '7315'),
('COSCUP', '(0, 20)', '3678'),
('COSCUP', '(9, 11)', '9507'),
('MOPCON', '(1, 7)', '2921'),
('MOPCON', '(6, 4)', '3717'),
('MozTW', '(0, 15)', '7846'),
('COSCUP', '(20, 9)', '4702'),
('g0v', '(14, 9)', '5414'),
('OSDC', '(16, 10)', '5185'),
('OSDC', '(20, 3)', '1436'),
('MOPCON', '(11, 13)', '8034'),
('g0v', '(0, 3)', '7262'),
('g0v', '(19, 3)', '9018'),
('g0v', '(8, 2)', '6852'),
('MOPCON', '(9, 19)', '5641'),
('MOPCON', '(13, 16)', '1876'),
('MOPCON', '(2, 9)', '2984'),
('MOPCON', '(18, 6)', '8830'),
('COSCUP', '(3, 3)', '7673'),
('MozTW', '(0, 9)', '3618'),
('COSCUP', '(18, 19)', '2733'),
('g0v', '(13, 1)', '5698'),
('MozTW', '(17, 15)', '8938'),
('COSCUP', '(14, 11)', '4535'),
('MozTW', '(6, 12)', '2542'),
('MozTW', '(9, 5)', '8964'),
('g0v', '(10, 17)', '8649'),
('MOPCON', '(1, 5)', '9506'),
('g0v', '(9, 9)', '8978'),
('OSDC', '(14, 20)', '7042'),
('COSCUP', '(7, 15)', '6103'),
('OSDC', '(12, 2)', '3221');

CREATE TABLE Building_name (
    building_id TEXT PRIMARY KEY,
    building_name TEXT
);

INSERT INTO Building_name (building_id, building_name) VALUES
('8927', '圖書館'),
('8616', '電影院'),
('6800', '活動中心'),
('5312', '天文台'),
('2684', '電影院'),
('2835', '游泳館'),
('9534', '餐酒館'),
('7479', '圖書館'),
('1117', '游泳館'),
('2854', '船員宿舍'),
('8313', '圖書館'),
('4158', '演藝廳'),
('7095', '電影院'),
('3764', '實驗室'),
('2206', '主控台'),
('7832', '實驗室'),
('7768', '體育館'),
('8630', '天文台'),
('1574', '健身房'),
('1726', '儲藏室'),
('1526', '體育館'),
('3770', '天文台'),
('7324', '儲藏室'),
('9890', '演藝廳'),
('2951', '游泳館'),
('7282', '健身房'),
('9574', '健身房'),
('2860', '儲藏室'),
('3581', '游泳館'),
('9465', '體育館'),
('8453', '儲藏室'),
('6841', '游泳館'),
('3877', '體育館'),
('2066', '健身房'),
('2294', '電影院'),
('9325', '餐酒館'),
('8973', '主控台'),
('7272', '健身房'),
('6993', '船艙'),
('3913', '活動中心'),
('2392', '活動中心'),
('7621', '電影院'),
('6887', '儲藏室'),
('9017', '主控台'),
('1951', '儲藏室'),
('5937', '活動中心'),
('3134', '演藝廳'),
('4749', '演藝廳'),
('3985', '體育館'),
('1362', '實驗室'),
('8711', '體育館'),
('7988', '游泳館'),
('1139', '活動中心'),
('4866', '儲藏室'),
('2680', '實驗室'),
('5307', '活動中心'),
('3261', '實驗室'),
('2624', '活動中心'),
('1146', '電影院'),
('3376', '圖書館'),
('7819', '船員宿舍'),
('4007', '實驗室'),
('7653', '船員宿舍'),
('8507', '演藝廳'),
('2569', '船員宿舍'),
('2133', '船員宿舍'),
('1081', '健身房'),
('6324', '游泳館'),
('3446', '健身房'),
('1624', '圖書館'),
('9161', '活動中心'),
('2816', '餐酒館'),
('2448', '天文台'),
('1758', '船艙'),
('7577', '游泳館'),
('7342', '實驗室'),
('7696', '圖書館'),
('1904', '實驗室'),
('8151', '實驗室'),
('4709', '健身房'),
('6134', '電影院'),
('9184', '主控台'),
('2638', '演藝廳'),
('1254', '健身房'),
('9268', '體育館'),
('2327', '天文台'),
('5424', '活動中心'),
('2108', '電影院'),
('3314', '電影院'),
('5195', '咖啡廳'),
('8660', '活動中心'),
('2086', '游泳館'),
('4707', '演藝廳'),
('6523', '實驗室'),
('1067', '電影院'),
('8100', '實驗室'),
('3258', '體育館'),
('4528', '演藝廳'),
('9797', '天文台'),
('9524', '船艙'),
('2985', '天文台'),
('5410', '電影院'),
('3684', '餐酒館'),
('2043', '體育館'), 
('3542', '儲藏室'),
('8703', '主控台'),
('7552', '咖啡廳'),
('6030', '圖書館'),
('1024', '船員宿舍');

CREATE TABLE Building_password (
    building_id TEXT,
    building_coord TEXT,
    password TEXT,
    PRIMARY KEY (building_id, building_coord)
);

INSERT INTO Building_password (building_id, building_coord, password) VALUES
('5685', '(0, 16)', 'bRkynOWc'),
('1267', '(4, 20)', 'ydELrKb6'),
('1381', '(16, 20)', 'sp5jjsWk'),
('5904', '(12, 11)', 'K2QjPMcy'),
('1599', '(10, 8)', 'KGEhS8Nf'),
('2746', '(5, 10)', '7GwZw2LK'),
('1920', '(5, 5)', '17PpjlQa'),
('1584', '(0, 16)', 'AauFGJpU'),
('8001', '(18, 16)', 'IYZ0gh0v'),
('8633', '(10, 0)', 'YEvBdwsa'),
('5171', '(3, 18)', 'Qs7qmKGT'),
('4023', '(9, 16)', 'PeBviUAL'),
('8168', '(10, 18)', 'tRUY8DHK'),
('4823', '(12, 16)', 'm7h2LEg3'),
('3471', '(13, 18)', 'iA05CLwp'),
('9951', '(1, 0)', 'bVx4HrHr'),
('4737', '(19, 10)', 'soGcWzAo'),
('9467', '(11, 17)', 'gHMaoVIJ'),
('6090', '(18, 13)', 'SUhFBClf'),
('7404', '(11, 11)', '3cgF3beZ'),
('5691', '(5, 5)', 'Q8i4IXue'),
('1171', '(11, 13)', '9IDfRXks'),
('4562', '(7, 15)', 'SQJgaeSx'),
('6936', '(4, 6)', 'T2GyMvty'),
('8702', '(18, 19)', 'Wj1U36tR'),
('8035', '(15, 6)', 'ZLJ3ptCv'),
('2397', '(9, 3)', 'AuZ7acTZ'),
('8129', '(8, 11)', 'lSsNfyJE'),
('1233', '(16, 14)', 'z1f1mJkS'),
('2473', '(13, 13)', 'MVt3bYgA'),
('2367', '(14, 18)', '1s1RspSl'),
('8079', '(7, 4)', 'pQXzcQhc'),
('6700', '(17, 6)', 'rKmnPsPq'),
('8662', '(19, 18)', '3GKBX9uv'),
('2392', '(16, 15)', 'zevjRzMZ'),
('8771', '(4, 14)', 'T6hT1qFI'),
('6126', '(5, 6)', 'DL5tOSfK'),
('2230', '(12, 16)', 'ymOYizpa'),
('5528', '(19, 2)', '9K1hBNj0'),
('9980', '(4, 9)', 'UFse4oQz'),
('1235', '(11, 2)', 'f57orAXQ'),
('8453', '(15, 7)', 'bKLYy2ld'),
('1478', '(15, 19)', 'D9GibH4Y'),
('9429', '(16, 3)', 'OGIYsbBd'),
('7092', '(7, 20)', 'QcqBz13b'),
('4076', '(2, 8)', 'jbpSwrrd'),
('5648', '(12, 17)', 'g6vwc03b'),
('3155', '(19, 1)', 'Pcm9xz5c'),
('9952', '(11, 0)', 'gz9UmY0k'),
('4951', '(15, 4)', 'SECm3UMG'),
('8958', '(14, 7)', 'cuaYZd6c'),
('7604', '(6, 10)', 'zRgeafzG'),
('3404', '(7, 2)', 'C26i1t7Y'),
('3944', '(12, 10)', 'hYWMqj4d'),
('7612', '(2, 13)', 'N4UfwZaV'),
('4153', '(7, 20)', 'EHyTa1gW'),
('1440', '(7, 9)', 'Azto735T'),
('9330', '(4, 17)', 'DO4YCoCB'),
('3695', '(7, 7)', 'hmEhWk6j'),
('5906', '(12, 1)', 'VStFFr5u'),
('7996', '(14, 15)', 'jww6ABFw'),
('8697', '(16, 19)', 'mRmwdi47'),
('5461', '(8, 20)', 'Yqc2s1oJ'),
('1691', '(20, 9)', '4SlAL0oZ'),
('5446', '(9, 13)', '5MtB15xM'),
('2534', '(13, 5)', 'j6gJDW4k'),
('4749', '(0, 12)', 'IxT0iZZd'),
('2636', '(6, 6)', 'FYyzzL75'),
('4292', '(3, 6)', 'uN9o13Go'),
('1433', '(19, 7)', 'zHDq5JwS'),
('8990', '(16, 3)', 'BiRKnBfG'),
('1948', '(2, 3)', 'VvKXKVRA'),
('4405', '(7, 7)', 'JcL15I8V'),
('6049', '(5, 11)', 'fzDcZn4N'),
('5533', '(7, 6)', 'HkI2iYGe'),
('4457', '(19, 13)', 'TwwhlNJb'),
('9216', '(18, 20)', 'HhT49PIN'),
('3944', '(16, 13)', '9PG1KJkA'),
('1383', '(19, 5)', 'Sdfpfl3d'),
('1552', '(14, 10)', 'RE2WomsF'),
('3164', '(18, 0)', '3RiTvlIL'),
('1598', '(20, 19)', '8J1xDhWl'),
('2775', '(8, 18)', 'xcuo8FhY'),
('7718', '(8, 5)', 'VtO4Jp34'),
('3269', '(6, 6)', 'bGjZi4Qm'),
('3661', '(20, 7)', 'NDDHHD74'),
('4487', '(15, 20)', 'mY9fYDls'),
('6375', '(20, 5)', 'zBwzNQuq'),
('2776', '(5, 5)', 'A1uDUATS'),
('7562', '(3, 16)', 'CIKfnChJ'),
('2147', '(20, 12)', 'lDpENOhl'),
('3065', '(2, 9)', 'mRQVCY4L'),
('1339', '(5, 10)', 'IstasVl1'),
('8949', '(13, 9)', '8oXKQaK9'),
('9345', '(8, 14)', 'gMmBYNyj'),
('5551', '(13, 8)', 'fjFauhAY'),
('5568', '(15, 0)', 'LDDfFPFL'),
('1261', '(12, 5)', 'tY2WHOYq'),
('1542', '(17, 17)', 'qr3FIYkN'),
('2389', '(13, 10)', 'ULbCDyVu'),
('2985', '(1, 1)', 'sEswWkld'),
('5410', '(1, 5)', 'trPoLesE'),
('3684', '(2, 3)', 'EswFCVYb'),
('2043', '(3, 1)', 'DSreFGfh'),
('3542', '(4, 6)', 'QwSDGcvs'),
('8703', '(4, 4)', 'DRdjTRds'),
('7552', '(6, 6)', 'EGChjddf'),
('6030', '(6, 4)', 'RtrCftuX'),
('3402', '(6, 4)', 'sEsElOsE'),
('1023', '(6, 4)', 'wLOjdfkW'),
('2934', '(6, 4)', 'eDKLOmgS'),
('9237', '(6, 4)', 'oDSAwsAQ'),
('4723', '(6, 4)', 'pijlasSa'),
('1024', '(6, 1)', 'UuxcERxe');
CREATE TABLE Book (
    book_id INTEGER PRIMARY KEY,
      book_name TEXT,
        publishing_date DATE
      );

      INSERT INTO Book (book_id, book_name, publishing_date) VALUES
      (1533, '活著', '2009-11-08'),
    (4763, '失樂園', '2008-02-19'),
    (692, '人類的群星閃耀時', '2015-01-14'),
    (3036, '動物農莊', '2002-03-18'),
    (2193, '機器學習實戰', '2007-08-03'),
    (2467, '人類的群星閃耀時', '1999-12-30'),
    (935, '傷逝', '2010-08-14'),
    (370, '風之影', '1997-06-03'),
    (1479, 'Python入門', '2013-09-24'),
    (1342, '區塊鏈技術解析', '1991-03-22'),
    (2806, '網頁設計與開發', '2009-01-22'),
    (4073, '機器學習實戰', '1999-07-30'),
    (263, '雲端運算基礎', '1994-02-15'),
    (1718, '建築之美', '1993-09-17'),
    (1219, '傷逝', '1996-03-10'),
    (527, '活著', '1999-09-06'),
    (4613, '物聯網應用開發', '2002-04-27'),
    (907, '我們仨', '1994-04-27'),
    (811, '人工智慧導論', '2004-03-28'),
    (1077, '動物農莊', '2002-06-25'),
    (1108, '美麗新世界', '2012-07-30'),
    (2737, '機器學習實戰', '2001-12-13'),
    (1197, '奇幻森林', '2009-03-10'),
    (137, '區塊鏈技術解析', '2007-06-01'),
    (113, '霍比特人', '2003-11-25'),
    (2347, '失樂園', '2000-11-17'),
    (3449, '水滸傳', '2003-08-20'),
    (4403, '大地之歌', '1998-11-17'),
    (4634, '哈利波特與魔法石', '2012-09-17'),
    (4969, '風之影', '1993-06-04'),
    (1124, '機器學習實戰指南', '2007-07-24'),
    (775, '百年孤寂', '1998-02-25'),
    (1645, '霍比特人', '2008-04-18'),
    (3668, '水滸傳', '1994-04-11'),
    (1914, '建築之美', '1996-02-02'),
    (3419, '追風箏的人', '2003-10-14'),
    (742, '邊城', '2006-08-13'),
    (1697, '網頁設計與開發', '2000-09-26'),
    (1522, '我們仨', '2003-05-28'),
    (272, '霍比特人', '2010-12-11'),
    (2645, '區塊鏈技術解析', '2004-12-22'),
    (2758, '我們仨', '2009-07-11'),
    (873, '資料結構與演算法', '2007-09-11'),
    (3937, '時光機械', '1990-11-27'),
    (4823, '人工智慧導論', '1994-06-01'),
    (658, '建築之美', '1996-02-10'),
    (4576, '機器學習實戰', '2009-02-21'),
    (1084, '機器學習實戰', '2009-06-12'),
    (188, '卡拉馬佐夫兄弟', '2006-03-21'),
    (790, '風之影', '2001-05-31'),
    (4347, '邊城', '2011-03-27'),
    (4650, '追風箏的人', '2007-11-23'),
    (3857, '追風箏的人', '1998-05-18'),
    (589, '風之影', '2010-11-18'),
    (3434, '水滸傳', '2008-02-20'),
    (4080, '奇幻森林', '2000-12-31'),
    (2030, '傷逝', '1999-07-08'),
    (3988, '百年孤寂', '1998-11-24'),
    (4918, '卡拉馬佐夫兄弟', '1990-04-18'),
    (3629, '霍比特人', '1998-12-17'),
    (3101, '麥田捕手', '2015-04-26'),
    (1174, '動物農莊', '2007-04-04'),
    (313, '邊城', '2000-08-11'),
    (4329, '百年孤寂', '2007-10-28'),
    (3927, '雲端運算基礎', '2010-04-15'),
    (2709, '時光機械', '2013-09-19'),
    (3623, '機器學習實戰指南', '1991-04-29'),
    (1011, '機器學習實戰', '1992-09-25'),
    (212, 'Python入門', '1997-03-19'),
    (4159, '數據分析與視覺化', '2005-01-06'),
    (241, '時光機械', '2001-04-03'),
    (1131, '美麗新世界', '1990-02-26'),
    (107, '傷逝', '2011-01-09'),
    (1052, '人類的群星閃耀時', '2009-05-10'),
    (2798, '美麗新世界', '2004-08-04'),
    (2218, '追風箏的人', '1990-08-16'),
    (210, '追風箏的人', '1990-01-15'),
    (2284, '傷逝', '2004-08-21'),
    (1933, '網路安全入門', '1993-08-18'),
    (3163, '資料結構與演算法', '2015-11-06'),
    (4723, 'Python入門', '2005-01-01'),
    (65, '魔戒', '1997-06-28'),
    (1852, '奇幻森林', '2004-03-04'),
    (4318, '水滸傳', '1994-09-04'),
    (3508, '麥田捕手', '2002-04-07'),
    (3076, '福爾摩斯歷險記', '2015-10-31'),
    (1964, '雲端運算基礎', '1999-01-30'),
    (1069, '數據分析與視覺化', '2007-06-20'),
    (4521, '時光機械', '1998-12-02'),
    (4560, '邊城', '2005-12-04'),
    (9, '開源文明教戰守則', '2003-06-10'),
    (3499, '麥田捕手', '1998-10-03'),
    (540, '星期一的靈感', '2008-02-21'),
    (524, '網路安全入門', '1995-09-23'),
    (375, '機器學習實戰', '2012-09-14'),
    (2239, '舞出我人生', '2007-02-04'),
    (2463, '人類的群星閃耀時', '2012-04-18'),
    (4732, '魔戒', '2001-12-12'),
    (1378, '基督山伯爵', '2004-03-25'),
    (1208, '開源的程式設計', '2005-08-12'),
    (1412, '開源軟體應用', '2010-03-25'),
    (3003, '開源技術創新', '2014-11-09'),
    (4004, '開源時代來臨', '2003-06-17'),
    (5005, '開源專案合作', '2012-09-03'),
    (6006, '開源解決方案', '2008-12-21'),
    (7007, '開源文化交流', '2016-07-08'),
    (8008, '開源程式碼分享', '2019-02-14'),
    (9009, '開源社群發展', '2007-10-30'),
    (1, '開源平台建設', '2017-05-06'),
    (2, '開源創業趨勢', '2001-04-28'),
    (3332, '開源知識分享', '2011-01-19'),
    (4443, '開源科技創新', '2018-11-01'),
    (5, '開源軟體推廣', '2006-09-09'),
    (6665, '開源數據分析', '2015-12-02'),
    (7776, '開源網站開發', '2009-07-11'),
    (8, '開源系統管理', '2013-08-28'),
    (9998, '開源教育資源', '2022-03-10'),
    (1010, '開源軟體測試', '2016-01-25'),
    (2124, '開源科技趨勢', '2020-09-15');

